"iteration","BestAccuracy","BestKernal","BestNu","BestEpsilon"
"1","99.4","polydot","0.317978880601004","0.321120504522696"
"2","99.4","polydot","0.317978880601004","0.321120504522696"
"3","99.4","polydot","0.317978880601004","0.321120504522696"
"4","99.4","polydot","0.317978880601004","0.321120504522696"
"5","99.4","polydot","0.317978880601004","0.321120504522696"
"6","99.4","polydot","0.317978880601004","0.321120504522696"
"7","99.4","polydot","0.317978880601004","0.321120504522696"
"8","99.4","polydot","0.317978880601004","0.321120504522696"
"9","99.53","anovadot","0.0437531450297683","0.775772524066269"
"10","99.53","anovadot","0.0437531450297683","0.775772524066269"
"11","99.53","anovadot","0.0437531450297683","0.775772524066269"
"12","99.53","anovadot","0.0437531450297683","0.775772524066269"
"13","99.53","anovadot","0.0437531450297683","0.775772524066269"
"14","99.53","anovadot","0.0437531450297683","0.775772524066269"
"15","99.53","anovadot","0.0437531450297683","0.775772524066269"
"16","99.53","anovadot","0.0437531450297683","0.775772524066269"
"17","99.53","anovadot","0.0437531450297683","0.775772524066269"
"18","99.53","anovadot","0.0437531450297683","0.775772524066269"
"19","99.53","anovadot","0.0437531450297683","0.775772524066269"
"20","99.53","anovadot","0.0437531450297683","0.775772524066269"
"21","99.53","anovadot","0.0437531450297683","0.775772524066269"
"22","99.53","anovadot","0.0437531450297683","0.775772524066269"
"23","99.53","anovadot","0.0437531450297683","0.775772524066269"
"24","99.53","anovadot","0.0437531450297683","0.775772524066269"
"25","99.53","anovadot","0.0437531450297683","0.775772524066269"
"26","99.53","anovadot","0.0437531450297683","0.775772524066269"
"27","99.53","anovadot","0.0437531450297683","0.775772524066269"
"28","99.53","anovadot","0.0437531450297683","0.775772524066269"
"29","99.53","anovadot","0.0437531450297683","0.775772524066269"
"30","99.53","anovadot","0.0437531450297683","0.775772524066269"
"31","99.53","anovadot","0.0437531450297683","0.775772524066269"
"32","99.53","anovadot","0.0437531450297683","0.775772524066269"
"33","99.53","anovadot","0.0437531450297683","0.775772524066269"
"34","99.53","anovadot","0.0437531450297683","0.775772524066269"
"35","99.53","anovadot","0.0437531450297683","0.775772524066269"
"36","99.53","anovadot","0.0437531450297683","0.775772524066269"
"37","99.53","anovadot","0.0437531450297683","0.775772524066269"
"38","99.53","anovadot","0.0437531450297683","0.775772524066269"
"39","99.53","anovadot","0.0437531450297683","0.775772524066269"
"40","99.53","anovadot","0.0437531450297683","0.775772524066269"
"41","99.53","anovadot","0.0437531450297683","0.775772524066269"
"42","99.53","anovadot","0.0437531450297683","0.775772524066269"
"43","99.53","anovadot","0.0437531450297683","0.775772524066269"
"44","99.53","anovadot","0.0437531450297683","0.775772524066269"
"45","99.53","anovadot","0.0437531450297683","0.775772524066269"
"46","99.53","anovadot","0.0437531450297683","0.775772524066269"
"47","99.53","anovadot","0.0437531450297683","0.775772524066269"
"48","99.53","anovadot","0.0437531450297683","0.775772524066269"
"49","99.53","anovadot","0.0437531450297683","0.775772524066269"
"50","99.53","anovadot","0.0437531450297683","0.775772524066269"
"51","99.53","anovadot","0.0437531450297683","0.775772524066269"
"52","99.53","anovadot","0.0437531450297683","0.775772524066269"
"53","99.53","anovadot","0.0437531450297683","0.775772524066269"
"54","99.53","anovadot","0.0437531450297683","0.775772524066269"
"55","99.53","anovadot","0.0437531450297683","0.775772524066269"
"56","99.53","anovadot","0.0437531450297683","0.775772524066269"
"57","99.53","anovadot","0.0437531450297683","0.775772524066269"
"58","99.53","anovadot","0.0437531450297683","0.775772524066269"
"59","99.53","anovadot","0.0437531450297683","0.775772524066269"
"60","99.53","anovadot","0.0437531450297683","0.775772524066269"
"61","99.53","anovadot","0.0437531450297683","0.775772524066269"
"62","99.53","anovadot","0.0437531450297683","0.775772524066269"
"63","99.53","anovadot","0.0437531450297683","0.775772524066269"
"64","99.53","anovadot","0.0437531450297683","0.775772524066269"
"65","99.53","anovadot","0.0437531450297683","0.775772524066269"
"66","99.53","anovadot","0.0437531450297683","0.775772524066269"
"67","99.53","anovadot","0.0437531450297683","0.775772524066269"
"68","99.53","anovadot","0.0437531450297683","0.775772524066269"
"69","99.53","anovadot","0.0437531450297683","0.775772524066269"
"70","99.53","anovadot","0.0437531450297683","0.775772524066269"
"71","99.53","anovadot","0.0437531450297683","0.775772524066269"
"72","99.53","anovadot","0.0437531450297683","0.775772524066269"
"73","99.53","anovadot","0.0437531450297683","0.775772524066269"
"74","99.53","anovadot","0.0437531450297683","0.775772524066269"
"75","99.53","anovadot","0.0437531450297683","0.775772524066269"
"76","99.53","anovadot","0.0437531450297683","0.775772524066269"
"77","99.53","anovadot","0.0437531450297683","0.775772524066269"
"78","99.53","anovadot","0.0437531450297683","0.775772524066269"
"79","99.53","anovadot","0.0437531450297683","0.775772524066269"
"80","99.53","anovadot","0.0437531450297683","0.775772524066269"
"81","99.53","anovadot","0.0437531450297683","0.775772524066269"
"82","99.53","anovadot","0.0437531450297683","0.775772524066269"
"83","99.53","anovadot","0.0437531450297683","0.775772524066269"
"84","99.53","anovadot","0.0437531450297683","0.775772524066269"
"85","99.53","anovadot","0.0437531450297683","0.775772524066269"
"86","99.53","anovadot","0.0437531450297683","0.775772524066269"
"87","99.53","anovadot","0.0437531450297683","0.775772524066269"
"88","99.53","anovadot","0.0437531450297683","0.775772524066269"
"89","99.53","anovadot","0.0437531450297683","0.775772524066269"
"90","99.53","anovadot","0.0437531450297683","0.775772524066269"
"91","99.53","anovadot","0.0437531450297683","0.775772524066269"
"92","99.53","anovadot","0.0437531450297683","0.775772524066269"
"93","99.53","anovadot","0.0437531450297683","0.775772524066269"
"94","99.53","anovadot","0.0437531450297683","0.775772524066269"
"95","99.53","anovadot","0.0437531450297683","0.775772524066269"
"96","99.53","anovadot","0.0437531450297683","0.775772524066269"
"97","99.53","anovadot","0.0437531450297683","0.775772524066269"
"98","99.53","anovadot","0.0437531450297683","0.775772524066269"
"99","99.53","anovadot","0.0437531450297683","0.775772524066269"
"100","99.53","anovadot","0.0437531450297683","0.775772524066269"
"101","99.53","anovadot","0.0437531450297683","0.775772524066269"
"102","99.53","anovadot","0.0437531450297683","0.775772524066269"
"103","99.53","anovadot","0.0437531450297683","0.775772524066269"
"104","99.53","anovadot","0.0437531450297683","0.775772524066269"
"105","99.53","anovadot","0.0437531450297683","0.775772524066269"
"106","99.53","anovadot","0.0437531450297683","0.775772524066269"
"107","99.53","anovadot","0.0437531450297683","0.775772524066269"
"108","99.53","anovadot","0.0437531450297683","0.775772524066269"
"109","99.53","anovadot","0.0437531450297683","0.775772524066269"
"110","99.53","anovadot","0.0437531450297683","0.775772524066269"
"111","99.53","anovadot","0.0437531450297683","0.775772524066269"
"112","99.53","anovadot","0.0437531450297683","0.775772524066269"
"113","99.53","anovadot","0.0437531450297683","0.775772524066269"
"114","99.53","anovadot","0.0437531450297683","0.775772524066269"
"115","99.53","anovadot","0.0437531450297683","0.775772524066269"
"116","99.53","anovadot","0.0437531450297683","0.775772524066269"
"117","99.53","anovadot","0.0437531450297683","0.775772524066269"
"118","99.53","anovadot","0.0437531450297683","0.775772524066269"
"119","99.53","anovadot","0.0437531450297683","0.775772524066269"
"120","99.53","anovadot","0.0437531450297683","0.775772524066269"
"121","99.53","anovadot","0.0437531450297683","0.775772524066269"
"122","99.53","anovadot","0.0437531450297683","0.775772524066269"
"123","99.53","anovadot","0.0437531450297683","0.775772524066269"
"124","99.53","anovadot","0.0437531450297683","0.775772524066269"
"125","99.53","anovadot","0.0437531450297683","0.775772524066269"
"126","99.53","anovadot","0.0437531450297683","0.775772524066269"
"127","99.53","anovadot","0.0437531450297683","0.775772524066269"
"128","99.53","anovadot","0.0437531450297683","0.775772524066269"
"129","99.53","anovadot","0.0437531450297683","0.775772524066269"
"130","99.53","anovadot","0.0437531450297683","0.775772524066269"
"131","99.53","anovadot","0.0437531450297683","0.775772524066269"
"132","99.53","anovadot","0.0437531450297683","0.775772524066269"
"133","99.53","anovadot","0.0437531450297683","0.775772524066269"
"134","99.53","anovadot","0.0437531450297683","0.775772524066269"
"135","99.53","anovadot","0.0437531450297683","0.775772524066269"
"136","99.53","anovadot","0.0437531450297683","0.775772524066269"
"137","99.53","anovadot","0.0437531450297683","0.775772524066269"
"138","99.53","anovadot","0.0437531450297683","0.775772524066269"
"139","99.53","anovadot","0.0437531450297683","0.775772524066269"
"140","99.53","anovadot","0.0437531450297683","0.775772524066269"
"141","99.53","anovadot","0.0437531450297683","0.775772524066269"
"142","99.53","anovadot","0.0437531450297683","0.775772524066269"
"143","99.53","anovadot","0.0437531450297683","0.775772524066269"
"144","99.53","anovadot","0.0437531450297683","0.775772524066269"
"145","99.53","anovadot","0.0437531450297683","0.775772524066269"
"146","99.53","anovadot","0.0437531450297683","0.775772524066269"
"147","99.53","anovadot","0.0437531450297683","0.775772524066269"
"148","99.53","anovadot","0.0437531450297683","0.775772524066269"
"149","99.53","anovadot","0.0437531450297683","0.775772524066269"
"150","99.53","anovadot","0.0437531450297683","0.775772524066269"
"151","99.53","anovadot","0.0437531450297683","0.775772524066269"
"152","99.53","anovadot","0.0437531450297683","0.775772524066269"
"153","99.53","anovadot","0.0437531450297683","0.775772524066269"
"154","99.53","anovadot","0.0437531450297683","0.775772524066269"
"155","99.53","anovadot","0.0437531450297683","0.775772524066269"
"156","99.53","anovadot","0.0437531450297683","0.775772524066269"
"157","99.53","anovadot","0.0437531450297683","0.775772524066269"
"158","99.53","anovadot","0.0437531450297683","0.775772524066269"
"159","99.53","anovadot","0.0437531450297683","0.775772524066269"
"160","99.53","anovadot","0.0437531450297683","0.775772524066269"
"161","99.53","anovadot","0.0437531450297683","0.775772524066269"
"162","99.53","anovadot","0.0437531450297683","0.775772524066269"
"163","99.53","anovadot","0.0437531450297683","0.775772524066269"
"164","99.53","anovadot","0.0437531450297683","0.775772524066269"
"165","99.53","anovadot","0.0437531450297683","0.775772524066269"
"166","99.53","anovadot","0.0437531450297683","0.775772524066269"
"167","99.53","anovadot","0.0437531450297683","0.775772524066269"
"168","99.53","anovadot","0.0437531450297683","0.775772524066269"
"169","99.53","anovadot","0.0437531450297683","0.775772524066269"
"170","99.53","anovadot","0.0437531450297683","0.775772524066269"
"171","99.53","anovadot","0.0437531450297683","0.775772524066269"
"172","99.53","anovadot","0.0437531450297683","0.775772524066269"
"173","99.53","anovadot","0.0437531450297683","0.775772524066269"
"174","99.53","anovadot","0.0437531450297683","0.775772524066269"
"175","99.53","anovadot","0.0437531450297683","0.775772524066269"
"176","99.53","anovadot","0.0437531450297683","0.775772524066269"
"177","99.53","anovadot","0.0437531450297683","0.775772524066269"
"178","99.53","anovadot","0.0437531450297683","0.775772524066269"
"179","99.53","anovadot","0.0437531450297683","0.775772524066269"
"180","99.53","anovadot","0.0437531450297683","0.775772524066269"
"181","99.53","anovadot","0.0437531450297683","0.775772524066269"
"182","99.53","anovadot","0.0437531450297683","0.775772524066269"
"183","99.53","anovadot","0.0437531450297683","0.775772524066269"
"184","99.53","anovadot","0.0437531450297683","0.775772524066269"
"185","99.53","anovadot","0.0437531450297683","0.775772524066269"
"186","99.53","anovadot","0.0437531450297683","0.775772524066269"
"187","99.53","anovadot","0.0437531450297683","0.775772524066269"
"188","99.53","anovadot","0.0437531450297683","0.775772524066269"
"189","99.53","anovadot","0.0437531450297683","0.775772524066269"
"190","99.53","anovadot","0.0437531450297683","0.775772524066269"
"191","99.53","anovadot","0.0437531450297683","0.775772524066269"
"192","99.53","anovadot","0.0437531450297683","0.775772524066269"
"193","99.53","anovadot","0.0437531450297683","0.775772524066269"
"194","99.53","anovadot","0.0437531450297683","0.775772524066269"
"195","99.53","anovadot","0.0437531450297683","0.775772524066269"
"196","99.53","anovadot","0.0437531450297683","0.775772524066269"
"197","99.53","anovadot","0.0437531450297683","0.775772524066269"
"198","99.53","anovadot","0.0437531450297683","0.775772524066269"
"199","99.53","anovadot","0.0437531450297683","0.775772524066269"
"200","99.53","anovadot","0.0437531450297683","0.775772524066269"
"201","99.53","anovadot","0.0437531450297683","0.775772524066269"
"202","99.53","anovadot","0.0437531450297683","0.775772524066269"
"203","99.53","anovadot","0.0437531450297683","0.775772524066269"
"204","99.53","anovadot","0.0437531450297683","0.775772524066269"
"205","99.53","anovadot","0.0437531450297683","0.775772524066269"
"206","99.53","anovadot","0.0437531450297683","0.775772524066269"
"207","99.53","anovadot","0.0437531450297683","0.775772524066269"
"208","99.53","anovadot","0.0437531450297683","0.775772524066269"
"209","99.53","anovadot","0.0437531450297683","0.775772524066269"
"210","99.53","anovadot","0.0437531450297683","0.775772524066269"
"211","99.53","anovadot","0.0437531450297683","0.775772524066269"
"212","99.53","anovadot","0.0437531450297683","0.775772524066269"
"213","99.53","anovadot","0.0437531450297683","0.775772524066269"
"214","99.53","anovadot","0.0437531450297683","0.775772524066269"
"215","99.53","anovadot","0.0437531450297683","0.775772524066269"
"216","99.53","anovadot","0.0437531450297683","0.775772524066269"
"217","99.53","anovadot","0.0437531450297683","0.775772524066269"
"218","99.53","anovadot","0.0437531450297683","0.775772524066269"
"219","99.53","anovadot","0.0437531450297683","0.775772524066269"
"220","99.53","anovadot","0.0437531450297683","0.775772524066269"
"221","99.53","anovadot","0.0437531450297683","0.775772524066269"
"222","99.53","anovadot","0.0437531450297683","0.775772524066269"
"223","99.53","anovadot","0.0437531450297683","0.775772524066269"
"224","99.53","anovadot","0.0437531450297683","0.775772524066269"
"225","99.53","anovadot","0.0437531450297683","0.775772524066269"
"226","99.53","anovadot","0.0437531450297683","0.775772524066269"
"227","99.53","anovadot","0.0437531450297683","0.775772524066269"
"228","99.53","anovadot","0.0437531450297683","0.775772524066269"
"229","99.53","anovadot","0.0437531450297683","0.775772524066269"
"230","99.53","anovadot","0.0437531450297683","0.775772524066269"
"231","99.53","anovadot","0.0437531450297683","0.775772524066269"
"232","99.53","anovadot","0.0437531450297683","0.775772524066269"
"233","99.53","anovadot","0.0437531450297683","0.775772524066269"
"234","99.53","anovadot","0.0437531450297683","0.775772524066269"
"235","99.53","anovadot","0.0437531450297683","0.775772524066269"
"236","99.53","anovadot","0.0437531450297683","0.775772524066269"
"237","99.53","anovadot","0.0437531450297683","0.775772524066269"
"238","99.53","anovadot","0.0437531450297683","0.775772524066269"
"239","99.53","anovadot","0.0437531450297683","0.775772524066269"
"240","99.53","anovadot","0.0437531450297683","0.775772524066269"
"241","99.53","anovadot","0.0437531450297683","0.775772524066269"
"242","99.53","anovadot","0.0437531450297683","0.775772524066269"
"243","99.53","anovadot","0.0437531450297683","0.775772524066269"
"244","99.53","anovadot","0.0437531450297683","0.775772524066269"
"245","99.53","anovadot","0.0437531450297683","0.775772524066269"
"246","99.53","anovadot","0.0437531450297683","0.775772524066269"
"247","99.53","anovadot","0.0437531450297683","0.775772524066269"
"248","99.53","anovadot","0.0437531450297683","0.775772524066269"
"249","99.53","anovadot","0.0437531450297683","0.775772524066269"
"250","99.53","anovadot","0.0437531450297683","0.775772524066269"
"251","99.53","anovadot","0.0437531450297683","0.775772524066269"
"252","99.53","anovadot","0.0437531450297683","0.775772524066269"
"253","99.53","anovadot","0.0437531450297683","0.775772524066269"
"254","99.53","anovadot","0.0437531450297683","0.775772524066269"
"255","99.53","anovadot","0.0437531450297683","0.775772524066269"
"256","99.53","anovadot","0.0437531450297683","0.775772524066269"
"257","99.53","anovadot","0.0437531450297683","0.775772524066269"
"258","99.53","anovadot","0.0437531450297683","0.775772524066269"
"259","99.53","anovadot","0.0437531450297683","0.775772524066269"
"260","99.53","anovadot","0.0437531450297683","0.775772524066269"
"261","99.53","anovadot","0.0437531450297683","0.775772524066269"
"262","99.53","anovadot","0.0437531450297683","0.775772524066269"
"263","99.53","anovadot","0.0437531450297683","0.775772524066269"
"264","99.53","anovadot","0.0437531450297683","0.775772524066269"
"265","99.53","anovadot","0.0437531450297683","0.775772524066269"
"266","99.53","anovadot","0.0437531450297683","0.775772524066269"
"267","99.53","anovadot","0.0437531450297683","0.775772524066269"
"268","99.53","anovadot","0.0437531450297683","0.775772524066269"
"269","99.53","anovadot","0.0437531450297683","0.775772524066269"
"270","99.53","anovadot","0.0437531450297683","0.775772524066269"
"271","99.53","anovadot","0.0437531450297683","0.775772524066269"
"272","99.53","anovadot","0.0437531450297683","0.775772524066269"
"273","99.53","anovadot","0.0437531450297683","0.775772524066269"
"274","99.53","anovadot","0.0437531450297683","0.775772524066269"
"275","99.53","anovadot","0.0437531450297683","0.775772524066269"
"276","99.53","anovadot","0.0437531450297683","0.775772524066269"
"277","99.53","anovadot","0.0437531450297683","0.775772524066269"
"278","99.53","anovadot","0.0437531450297683","0.775772524066269"
"279","99.53","anovadot","0.0437531450297683","0.775772524066269"
"280","99.53","anovadot","0.0437531450297683","0.775772524066269"
"281","99.53","anovadot","0.0437531450297683","0.775772524066269"
"282","99.53","anovadot","0.0437531450297683","0.775772524066269"
"283","99.53","anovadot","0.0437531450297683","0.775772524066269"
"284","99.53","anovadot","0.0437531450297683","0.775772524066269"
"285","99.53","anovadot","0.0437531450297683","0.775772524066269"
"286","99.53","anovadot","0.0437531450297683","0.775772524066269"
"287","99.53","anovadot","0.0437531450297683","0.775772524066269"
"288","99.53","anovadot","0.0437531450297683","0.775772524066269"
"289","99.53","anovadot","0.0437531450297683","0.775772524066269"
"290","99.53","anovadot","0.0437531450297683","0.775772524066269"
"291","99.53","anovadot","0.0437531450297683","0.775772524066269"
"292","99.53","anovadot","0.0437531450297683","0.775772524066269"
"293","99.53","anovadot","0.0437531450297683","0.775772524066269"
"294","99.53","anovadot","0.0437531450297683","0.775772524066269"
"295","99.53","anovadot","0.0437531450297683","0.775772524066269"
"296","99.53","anovadot","0.0437531450297683","0.775772524066269"
"297","99.53","anovadot","0.0437531450297683","0.775772524066269"
"298","99.53","anovadot","0.0437531450297683","0.775772524066269"
"299","99.53","anovadot","0.0437531450297683","0.775772524066269"
"300","99.53","anovadot","0.0437531450297683","0.775772524066269"
"301","99.53","anovadot","0.0437531450297683","0.775772524066269"
"302","99.53","anovadot","0.0437531450297683","0.775772524066269"
"303","99.53","anovadot","0.0437531450297683","0.775772524066269"
"304","99.53","anovadot","0.0437531450297683","0.775772524066269"
"305","99.53","anovadot","0.0437531450297683","0.775772524066269"
"306","99.53","anovadot","0.0437531450297683","0.775772524066269"
"307","99.53","anovadot","0.0437531450297683","0.775772524066269"
"308","99.53","anovadot","0.0437531450297683","0.775772524066269"
"309","99.53","anovadot","0.0437531450297683","0.775772524066269"
"310","99.53","anovadot","0.0437531450297683","0.775772524066269"
"311","99.53","anovadot","0.0437531450297683","0.775772524066269"
"312","99.53","anovadot","0.0437531450297683","0.775772524066269"
"313","99.53","anovadot","0.0437531450297683","0.775772524066269"
"314","99.53","anovadot","0.0437531450297683","0.775772524066269"
"315","99.53","anovadot","0.0437531450297683","0.775772524066269"
"316","99.53","anovadot","0.0437531450297683","0.775772524066269"
"317","99.53","anovadot","0.0437531450297683","0.775772524066269"
"318","99.53","anovadot","0.0437531450297683","0.775772524066269"
"319","99.53","anovadot","0.0437531450297683","0.775772524066269"
"320","99.53","anovadot","0.0437531450297683","0.775772524066269"
"321","99.53","anovadot","0.0437531450297683","0.775772524066269"
"322","99.53","anovadot","0.0437531450297683","0.775772524066269"
"323","99.53","anovadot","0.0437531450297683","0.775772524066269"
"324","99.53","anovadot","0.0437531450297683","0.775772524066269"
"325","99.53","anovadot","0.0437531450297683","0.775772524066269"
"326","99.53","anovadot","0.0437531450297683","0.775772524066269"
"327","99.53","anovadot","0.0437531450297683","0.775772524066269"
"328","99.53","anovadot","0.0437531450297683","0.775772524066269"
"329","99.53","anovadot","0.0437531450297683","0.775772524066269"
"330","99.53","anovadot","0.0437531450297683","0.775772524066269"
"331","99.53","anovadot","0.0437531450297683","0.775772524066269"
"332","99.53","anovadot","0.0437531450297683","0.775772524066269"
"333","99.53","anovadot","0.0437531450297683","0.775772524066269"
"334","99.53","anovadot","0.0437531450297683","0.775772524066269"
"335","99.53","anovadot","0.0437531450297683","0.775772524066269"
"336","99.53","anovadot","0.0437531450297683","0.775772524066269"
"337","99.53","anovadot","0.0437531450297683","0.775772524066269"
"338","99.53","anovadot","0.0437531450297683","0.775772524066269"
"339","99.53","anovadot","0.0437531450297683","0.775772524066269"
"340","99.53","anovadot","0.0437531450297683","0.775772524066269"
"341","99.53","anovadot","0.0437531450297683","0.775772524066269"
"342","99.53","anovadot","0.0437531450297683","0.775772524066269"
"343","99.53","anovadot","0.0437531450297683","0.775772524066269"
"344","99.53","anovadot","0.0437531450297683","0.775772524066269"
"345","99.53","anovadot","0.0437531450297683","0.775772524066269"
"346","99.53","anovadot","0.0437531450297683","0.775772524066269"
"347","99.53","anovadot","0.0437531450297683","0.775772524066269"
"348","99.53","anovadot","0.0437531450297683","0.775772524066269"
"349","99.53","anovadot","0.0437531450297683","0.775772524066269"
"350","99.53","anovadot","0.0437531450297683","0.775772524066269"
"351","99.53","anovadot","0.0437531450297683","0.775772524066269"
"352","99.53","anovadot","0.0437531450297683","0.775772524066269"
"353","99.53","anovadot","0.0437531450297683","0.775772524066269"
"354","99.53","anovadot","0.0437531450297683","0.775772524066269"
"355","99.53","anovadot","0.0437531450297683","0.775772524066269"
"356","99.53","anovadot","0.0437531450297683","0.775772524066269"
"357","99.53","anovadot","0.0437531450297683","0.775772524066269"
"358","99.53","anovadot","0.0437531450297683","0.775772524066269"
"359","99.53","anovadot","0.0437531450297683","0.775772524066269"
"360","99.53","anovadot","0.0437531450297683","0.775772524066269"
"361","99.53","anovadot","0.0437531450297683","0.775772524066269"
"362","99.53","anovadot","0.0437531450297683","0.775772524066269"
"363","99.53","anovadot","0.0437531450297683","0.775772524066269"
"364","99.53","anovadot","0.0437531450297683","0.775772524066269"
"365","99.53","anovadot","0.0437531450297683","0.775772524066269"
"366","99.53","anovadot","0.0437531450297683","0.775772524066269"
"367","99.53","anovadot","0.0437531450297683","0.775772524066269"
"368","99.53","anovadot","0.0437531450297683","0.775772524066269"
"369","99.53","anovadot","0.0437531450297683","0.775772524066269"
"370","99.53","anovadot","0.0437531450297683","0.775772524066269"
"371","99.53","anovadot","0.0437531450297683","0.775772524066269"
"372","99.53","anovadot","0.0437531450297683","0.775772524066269"
"373","99.53","anovadot","0.0437531450297683","0.775772524066269"
"374","99.53","anovadot","0.0437531450297683","0.775772524066269"
"375","99.53","anovadot","0.0437531450297683","0.775772524066269"
"376","99.53","anovadot","0.0437531450297683","0.775772524066269"
"377","99.53","anovadot","0.0437531450297683","0.775772524066269"
"378","99.53","anovadot","0.0437531450297683","0.775772524066269"
"379","99.53","anovadot","0.0437531450297683","0.775772524066269"
"380","99.53","anovadot","0.0437531450297683","0.775772524066269"
"381","99.53","anovadot","0.0437531450297683","0.775772524066269"
"382","99.53","anovadot","0.0437531450297683","0.775772524066269"
"383","99.53","anovadot","0.0437531450297683","0.775772524066269"
"384","99.53","anovadot","0.0437531450297683","0.775772524066269"
"385","99.53","anovadot","0.0437531450297683","0.775772524066269"
"386","99.53","anovadot","0.0437531450297683","0.775772524066269"
"387","99.53","anovadot","0.0437531450297683","0.775772524066269"
"388","99.53","anovadot","0.0437531450297683","0.775772524066269"
"389","99.53","anovadot","0.0437531450297683","0.775772524066269"
"390","99.53","anovadot","0.0437531450297683","0.775772524066269"
"391","99.53","anovadot","0.0437531450297683","0.775772524066269"
"392","99.53","anovadot","0.0437531450297683","0.775772524066269"
"393","99.53","anovadot","0.0437531450297683","0.775772524066269"
"394","99.53","anovadot","0.0437531450297683","0.775772524066269"
"395","99.53","anovadot","0.0437531450297683","0.775772524066269"
"396","99.53","anovadot","0.0437531450297683","0.775772524066269"
"397","99.53","anovadot","0.0437531450297683","0.775772524066269"
"398","99.53","anovadot","0.0437531450297683","0.775772524066269"
"399","99.53","anovadot","0.0437531450297683","0.775772524066269"
"400","99.53","anovadot","0.0437531450297683","0.775772524066269"
"401","99.53","anovadot","0.0437531450297683","0.775772524066269"
"402","99.53","anovadot","0.0437531450297683","0.775772524066269"
"403","99.53","anovadot","0.0437531450297683","0.775772524066269"
"404","99.53","anovadot","0.0437531450297683","0.775772524066269"
"405","99.53","anovadot","0.0437531450297683","0.775772524066269"
"406","99.53","anovadot","0.0437531450297683","0.775772524066269"
"407","99.53","anovadot","0.0437531450297683","0.775772524066269"
"408","99.53","anovadot","0.0437531450297683","0.775772524066269"
"409","99.53","anovadot","0.0437531450297683","0.775772524066269"
"410","99.53","anovadot","0.0437531450297683","0.775772524066269"
"411","99.53","anovadot","0.0437531450297683","0.775772524066269"
"412","99.53","anovadot","0.0437531450297683","0.775772524066269"
"413","99.53","anovadot","0.0437531450297683","0.775772524066269"
"414","99.53","anovadot","0.0437531450297683","0.775772524066269"
"415","99.53","anovadot","0.0437531450297683","0.775772524066269"
"416","99.53","anovadot","0.0437531450297683","0.775772524066269"
"417","99.53","anovadot","0.0437531450297683","0.775772524066269"
"418","99.53","anovadot","0.0437531450297683","0.775772524066269"
"419","99.53","anovadot","0.0437531450297683","0.775772524066269"
"420","99.53","anovadot","0.0437531450297683","0.775772524066269"
"421","99.53","anovadot","0.0437531450297683","0.775772524066269"
"422","99.53","anovadot","0.0437531450297683","0.775772524066269"
"423","99.53","anovadot","0.0437531450297683","0.775772524066269"
"424","99.53","anovadot","0.0437531450297683","0.775772524066269"
"425","99.53","anovadot","0.0437531450297683","0.775772524066269"
"426","99.53","anovadot","0.0437531450297683","0.775772524066269"
"427","99.53","anovadot","0.0437531450297683","0.775772524066269"
"428","99.53","anovadot","0.0437531450297683","0.775772524066269"
"429","99.53","anovadot","0.0437531450297683","0.775772524066269"
"430","99.53","anovadot","0.0437531450297683","0.775772524066269"
"431","99.53","anovadot","0.0437531450297683","0.775772524066269"
"432","99.53","anovadot","0.0437531450297683","0.775772524066269"
"433","99.53","anovadot","0.0437531450297683","0.775772524066269"
"434","99.53","anovadot","0.0437531450297683","0.775772524066269"
"435","99.53","anovadot","0.0437531450297683","0.775772524066269"
"436","99.53","anovadot","0.0437531450297683","0.775772524066269"
"437","99.53","anovadot","0.0437531450297683","0.775772524066269"
"438","99.53","anovadot","0.0437531450297683","0.775772524066269"
"439","99.53","anovadot","0.0437531450297683","0.775772524066269"
"440","99.53","anovadot","0.0437531450297683","0.775772524066269"
"441","99.53","anovadot","0.0437531450297683","0.775772524066269"
"442","99.53","anovadot","0.0437531450297683","0.775772524066269"
"443","99.53","anovadot","0.0437531450297683","0.775772524066269"
"444","99.53","anovadot","0.0437531450297683","0.775772524066269"
"445","99.53","anovadot","0.0437531450297683","0.775772524066269"
"446","99.53","anovadot","0.0437531450297683","0.775772524066269"
"447","99.53","anovadot","0.0437531450297683","0.775772524066269"
"448","99.53","anovadot","0.0437531450297683","0.775772524066269"
"449","99.53","anovadot","0.0437531450297683","0.775772524066269"
"450","99.53","anovadot","0.0437531450297683","0.775772524066269"
"451","99.53","anovadot","0.0437531450297683","0.775772524066269"
"452","99.53","anovadot","0.0437531450297683","0.775772524066269"
"453","99.53","anovadot","0.0437531450297683","0.775772524066269"
"454","99.53","anovadot","0.0437531450297683","0.775772524066269"
"455","99.53","anovadot","0.0437531450297683","0.775772524066269"
"456","99.53","anovadot","0.0437531450297683","0.775772524066269"
"457","99.53","anovadot","0.0437531450297683","0.775772524066269"
"458","99.53","anovadot","0.0437531450297683","0.775772524066269"
"459","99.53","anovadot","0.0437531450297683","0.775772524066269"
"460","99.53","anovadot","0.0437531450297683","0.775772524066269"
"461","99.53","anovadot","0.0437531450297683","0.775772524066269"
"462","99.53","anovadot","0.0437531450297683","0.775772524066269"
"463","99.53","anovadot","0.0437531450297683","0.775772524066269"
"464","99.53","anovadot","0.0437531450297683","0.775772524066269"
"465","99.53","anovadot","0.0437531450297683","0.775772524066269"
"466","99.53","anovadot","0.0437531450297683","0.775772524066269"
"467","99.53","anovadot","0.0437531450297683","0.775772524066269"
"468","99.53","anovadot","0.0437531450297683","0.775772524066269"
"469","99.53","anovadot","0.0437531450297683","0.775772524066269"
"470","99.53","anovadot","0.0437531450297683","0.775772524066269"
"471","99.53","anovadot","0.0437531450297683","0.775772524066269"
"472","99.53","anovadot","0.0437531450297683","0.775772524066269"
"473","99.53","anovadot","0.0437531450297683","0.775772524066269"
"474","99.53","anovadot","0.0437531450297683","0.775772524066269"
"475","99.53","anovadot","0.0437531450297683","0.775772524066269"
"476","99.53","anovadot","0.0437531450297683","0.775772524066269"
"477","99.53","anovadot","0.0437531450297683","0.775772524066269"
"478","99.53","anovadot","0.0437531450297683","0.775772524066269"
"479","99.53","anovadot","0.0437531450297683","0.775772524066269"
"480","99.53","anovadot","0.0437531450297683","0.775772524066269"
"481","99.53","anovadot","0.0437531450297683","0.775772524066269"
"482","99.53","anovadot","0.0437531450297683","0.775772524066269"
"483","99.53","anovadot","0.0437531450297683","0.775772524066269"
"484","99.53","anovadot","0.0437531450297683","0.775772524066269"
"485","99.53","anovadot","0.0437531450297683","0.775772524066269"
"486","99.53","anovadot","0.0437531450297683","0.775772524066269"
"487","99.53","anovadot","0.0437531450297683","0.775772524066269"
"488","99.53","anovadot","0.0437531450297683","0.775772524066269"
"489","99.53","anovadot","0.0437531450297683","0.775772524066269"
"490","99.53","anovadot","0.0437531450297683","0.775772524066269"
"491","99.53","anovadot","0.0437531450297683","0.775772524066269"
"492","99.53","anovadot","0.0437531450297683","0.775772524066269"
"493","99.53","anovadot","0.0437531450297683","0.775772524066269"
"494","99.53","anovadot","0.0437531450297683","0.775772524066269"
"495","99.53","anovadot","0.0437531450297683","0.775772524066269"
"496","99.53","anovadot","0.0437531450297683","0.775772524066269"
"497","99.53","anovadot","0.0437531450297683","0.775772524066269"
"498","99.53","anovadot","0.0437531450297683","0.775772524066269"
"499","99.53","anovadot","0.0437531450297683","0.775772524066269"
"500","99.53","anovadot","0.0437531450297683","0.775772524066269"
"501","99.53","anovadot","0.0437531450297683","0.775772524066269"
"502","99.53","anovadot","0.0437531450297683","0.775772524066269"
"503","99.53","anovadot","0.0437531450297683","0.775772524066269"
"504","99.53","anovadot","0.0437531450297683","0.775772524066269"
"505","99.53","anovadot","0.0437531450297683","0.775772524066269"
"506","99.53","anovadot","0.0437531450297683","0.775772524066269"
"507","99.53","anovadot","0.0437531450297683","0.775772524066269"
"508","99.53","anovadot","0.0437531450297683","0.775772524066269"
"509","99.53","anovadot","0.0437531450297683","0.775772524066269"
"510","99.53","anovadot","0.0437531450297683","0.775772524066269"
"511","99.53","anovadot","0.0437531450297683","0.775772524066269"
"512","99.53","anovadot","0.0437531450297683","0.775772524066269"
"513","99.53","anovadot","0.0437531450297683","0.775772524066269"
"514","99.53","anovadot","0.0437531450297683","0.775772524066269"
"515","99.53","anovadot","0.0437531450297683","0.775772524066269"
"516","99.53","anovadot","0.0437531450297683","0.775772524066269"
"517","99.53","anovadot","0.0437531450297683","0.775772524066269"
"518","99.53","anovadot","0.0437531450297683","0.775772524066269"
"519","99.53","anovadot","0.0437531450297683","0.775772524066269"
"520","99.53","anovadot","0.0437531450297683","0.775772524066269"
"521","99.53","anovadot","0.0437531450297683","0.775772524066269"
"522","99.53","anovadot","0.0437531450297683","0.775772524066269"
"523","99.53","anovadot","0.0437531450297683","0.775772524066269"
"524","99.53","anovadot","0.0437531450297683","0.775772524066269"
"525","99.53","anovadot","0.0437531450297683","0.775772524066269"
"526","99.53","anovadot","0.0437531450297683","0.775772524066269"
"527","99.53","anovadot","0.0437531450297683","0.775772524066269"
"528","99.53","anovadot","0.0437531450297683","0.775772524066269"
"529","99.53","anovadot","0.0437531450297683","0.775772524066269"
"530","99.53","anovadot","0.0437531450297683","0.775772524066269"
"531","99.53","anovadot","0.0437531450297683","0.775772524066269"
"532","99.53","anovadot","0.0437531450297683","0.775772524066269"
"533","99.53","anovadot","0.0437531450297683","0.775772524066269"
"534","99.53","anovadot","0.0437531450297683","0.775772524066269"
"535","99.53","anovadot","0.0437531450297683","0.775772524066269"
"536","99.53","anovadot","0.0437531450297683","0.775772524066269"
"537","99.53","anovadot","0.0437531450297683","0.775772524066269"
"538","99.53","anovadot","0.0437531450297683","0.775772524066269"
"539","99.53","anovadot","0.0437531450297683","0.775772524066269"
"540","99.53","anovadot","0.0437531450297683","0.775772524066269"
"541","99.53","anovadot","0.0437531450297683","0.775772524066269"
"542","99.53","anovadot","0.0437531450297683","0.775772524066269"
"543","99.53","anovadot","0.0437531450297683","0.775772524066269"
"544","99.53","anovadot","0.0437531450297683","0.775772524066269"
"545","99.53","anovadot","0.0437531450297683","0.775772524066269"
"546","99.53","anovadot","0.0437531450297683","0.775772524066269"
"547","99.53","anovadot","0.0437531450297683","0.775772524066269"
"548","99.53","anovadot","0.0437531450297683","0.775772524066269"
"549","99.53","anovadot","0.0437531450297683","0.775772524066269"
"550","99.53","anovadot","0.0437531450297683","0.775772524066269"
"551","99.53","anovadot","0.0437531450297683","0.775772524066269"
"552","99.53","anovadot","0.0437531450297683","0.775772524066269"
"553","99.53","anovadot","0.0437531450297683","0.775772524066269"
"554","99.53","anovadot","0.0437531450297683","0.775772524066269"
"555","99.53","anovadot","0.0437531450297683","0.775772524066269"
"556","99.53","anovadot","0.0437531450297683","0.775772524066269"
"557","99.53","anovadot","0.0437531450297683","0.775772524066269"
"558","99.53","anovadot","0.0437531450297683","0.775772524066269"
"559","99.53","anovadot","0.0437531450297683","0.775772524066269"
"560","99.53","anovadot","0.0437531450297683","0.775772524066269"
"561","99.53","anovadot","0.0437531450297683","0.775772524066269"
"562","99.53","anovadot","0.0437531450297683","0.775772524066269"
"563","99.53","anovadot","0.0437531450297683","0.775772524066269"
"564","99.53","anovadot","0.0437531450297683","0.775772524066269"
"565","99.53","anovadot","0.0437531450297683","0.775772524066269"
"566","99.53","anovadot","0.0437531450297683","0.775772524066269"
"567","99.53","anovadot","0.0437531450297683","0.775772524066269"
"568","99.53","anovadot","0.0437531450297683","0.775772524066269"
"569","99.53","anovadot","0.0437531450297683","0.775772524066269"
"570","99.53","anovadot","0.0437531450297683","0.775772524066269"
"571","99.53","anovadot","0.0437531450297683","0.775772524066269"
"572","99.53","anovadot","0.0437531450297683","0.775772524066269"
"573","99.53","anovadot","0.0437531450297683","0.775772524066269"
"574","99.53","anovadot","0.0437531450297683","0.775772524066269"
"575","99.53","anovadot","0.0437531450297683","0.775772524066269"
"576","99.53","anovadot","0.0437531450297683","0.775772524066269"
"577","99.53","anovadot","0.0437531450297683","0.775772524066269"
"578","99.53","anovadot","0.0437531450297683","0.775772524066269"
"579","99.53","anovadot","0.0437531450297683","0.775772524066269"
"580","99.53","anovadot","0.0437531450297683","0.775772524066269"
"581","99.53","anovadot","0.0437531450297683","0.775772524066269"
"582","99.53","anovadot","0.0437531450297683","0.775772524066269"
"583","99.53","anovadot","0.0437531450297683","0.775772524066269"
"584","99.53","anovadot","0.0437531450297683","0.775772524066269"
"585","99.53","anovadot","0.0437531450297683","0.775772524066269"
"586","99.53","anovadot","0.0437531450297683","0.775772524066269"
"587","99.53","anovadot","0.0437531450297683","0.775772524066269"
"588","99.53","anovadot","0.0437531450297683","0.775772524066269"
"589","99.53","anovadot","0.0437531450297683","0.775772524066269"
"590","99.53","anovadot","0.0437531450297683","0.775772524066269"
"591","99.53","anovadot","0.0437531450297683","0.775772524066269"
"592","99.53","anovadot","0.0437531450297683","0.775772524066269"
"593","99.53","anovadot","0.0437531450297683","0.775772524066269"
"594","99.53","anovadot","0.0437531450297683","0.775772524066269"
"595","99.53","anovadot","0.0437531450297683","0.775772524066269"
"596","99.53","anovadot","0.0437531450297683","0.775772524066269"
"597","99.53","anovadot","0.0437531450297683","0.775772524066269"
"598","99.53","anovadot","0.0437531450297683","0.775772524066269"
"599","99.53","anovadot","0.0437531450297683","0.775772524066269"
"600","99.53","anovadot","0.0437531450297683","0.775772524066269"
"601","99.53","anovadot","0.0437531450297683","0.775772524066269"
"602","99.53","anovadot","0.0437531450297683","0.775772524066269"
"603","99.53","anovadot","0.0437531450297683","0.775772524066269"
"604","99.53","anovadot","0.0437531450297683","0.775772524066269"
"605","99.53","anovadot","0.0437531450297683","0.775772524066269"
"606","99.53","anovadot","0.0437531450297683","0.775772524066269"
"607","99.53","anovadot","0.0437531450297683","0.775772524066269"
"608","99.53","anovadot","0.0437531450297683","0.775772524066269"
"609","99.53","anovadot","0.0437531450297683","0.775772524066269"
"610","99.53","anovadot","0.0437531450297683","0.775772524066269"
"611","99.53","anovadot","0.0437531450297683","0.775772524066269"
"612","99.53","anovadot","0.0437531450297683","0.775772524066269"
"613","99.53","anovadot","0.0437531450297683","0.775772524066269"
"614","99.53","anovadot","0.0437531450297683","0.775772524066269"
"615","99.53","anovadot","0.0437531450297683","0.775772524066269"
"616","99.53","anovadot","0.0437531450297683","0.775772524066269"
"617","99.53","anovadot","0.0437531450297683","0.775772524066269"
"618","99.53","anovadot","0.0437531450297683","0.775772524066269"
"619","99.53","anovadot","0.0437531450297683","0.775772524066269"
"620","99.53","anovadot","0.0437531450297683","0.775772524066269"
"621","99.53","anovadot","0.0437531450297683","0.775772524066269"
"622","99.53","anovadot","0.0437531450297683","0.775772524066269"
"623","99.53","anovadot","0.0437531450297683","0.775772524066269"
"624","99.53","anovadot","0.0437531450297683","0.775772524066269"
"625","99.53","anovadot","0.0437531450297683","0.775772524066269"
"626","99.53","anovadot","0.0437531450297683","0.775772524066269"
"627","99.53","anovadot","0.0437531450297683","0.775772524066269"
"628","99.53","anovadot","0.0437531450297683","0.775772524066269"
"629","99.53","anovadot","0.0437531450297683","0.775772524066269"
"630","99.53","anovadot","0.0437531450297683","0.775772524066269"
"631","99.53","anovadot","0.0437531450297683","0.775772524066269"
"632","99.53","anovadot","0.0437531450297683","0.775772524066269"
"633","99.53","anovadot","0.0437531450297683","0.775772524066269"
"634","99.53","anovadot","0.0437531450297683","0.775772524066269"
"635","99.53","anovadot","0.0437531450297683","0.775772524066269"
"636","99.53","anovadot","0.0437531450297683","0.775772524066269"
"637","99.53","anovadot","0.0437531450297683","0.775772524066269"
"638","99.53","anovadot","0.0437531450297683","0.775772524066269"
"639","99.53","anovadot","0.0437531450297683","0.775772524066269"
"640","99.53","anovadot","0.0437531450297683","0.775772524066269"
"641","99.53","anovadot","0.0437531450297683","0.775772524066269"
"642","99.53","anovadot","0.0437531450297683","0.775772524066269"
"643","99.53","anovadot","0.0437531450297683","0.775772524066269"
"644","99.53","anovadot","0.0437531450297683","0.775772524066269"
"645","99.53","anovadot","0.0437531450297683","0.775772524066269"
"646","99.53","anovadot","0.0437531450297683","0.775772524066269"
"647","99.53","anovadot","0.0437531450297683","0.775772524066269"
"648","99.53","anovadot","0.0437531450297683","0.775772524066269"
"649","99.53","anovadot","0.0437531450297683","0.775772524066269"
"650","99.53","anovadot","0.0437531450297683","0.775772524066269"
"651","99.53","anovadot","0.0437531450297683","0.775772524066269"
"652","99.53","anovadot","0.0437531450297683","0.775772524066269"
"653","99.53","anovadot","0.0437531450297683","0.775772524066269"
"654","99.53","anovadot","0.0437531450297683","0.775772524066269"
"655","99.53","anovadot","0.0437531450297683","0.775772524066269"
"656","99.53","anovadot","0.0437531450297683","0.775772524066269"
"657","99.53","anovadot","0.0437531450297683","0.775772524066269"
"658","99.53","anovadot","0.0437531450297683","0.775772524066269"
"659","99.53","anovadot","0.0437531450297683","0.775772524066269"
"660","99.53","anovadot","0.0437531450297683","0.775772524066269"
"661","99.53","anovadot","0.0437531450297683","0.775772524066269"
"662","99.53","anovadot","0.0437531450297683","0.775772524066269"
"663","99.53","anovadot","0.0437531450297683","0.775772524066269"
"664","99.53","anovadot","0.0437531450297683","0.775772524066269"
"665","99.53","anovadot","0.0437531450297683","0.775772524066269"
"666","99.53","anovadot","0.0437531450297683","0.775772524066269"
"667","99.53","anovadot","0.0437531450297683","0.775772524066269"
"668","99.53","anovadot","0.0437531450297683","0.775772524066269"
"669","99.53","anovadot","0.0437531450297683","0.775772524066269"
"670","99.53","anovadot","0.0437531450297683","0.775772524066269"
"671","99.53","anovadot","0.0437531450297683","0.775772524066269"
"672","99.53","anovadot","0.0437531450297683","0.775772524066269"
"673","99.53","anovadot","0.0437531450297683","0.775772524066269"
"674","99.53","anovadot","0.0437531450297683","0.775772524066269"
"675","99.53","anovadot","0.0437531450297683","0.775772524066269"
"676","99.53","anovadot","0.0437531450297683","0.775772524066269"
"677","99.53","anovadot","0.0437531450297683","0.775772524066269"
"678","99.53","anovadot","0.0437531450297683","0.775772524066269"
"679","99.53","anovadot","0.0437531450297683","0.775772524066269"
"680","99.53","anovadot","0.0437531450297683","0.775772524066269"
"681","99.53","anovadot","0.0437531450297683","0.775772524066269"
"682","99.53","anovadot","0.0437531450297683","0.775772524066269"
"683","99.53","anovadot","0.0437531450297683","0.775772524066269"
"684","99.53","anovadot","0.0437531450297683","0.775772524066269"
"685","99.53","anovadot","0.0437531450297683","0.775772524066269"
"686","99.53","anovadot","0.0437531450297683","0.775772524066269"
"687","99.53","anovadot","0.0437531450297683","0.775772524066269"
"688","99.53","anovadot","0.0437531450297683","0.775772524066269"
"689","99.53","anovadot","0.0437531450297683","0.775772524066269"
"690","99.53","anovadot","0.0437531450297683","0.775772524066269"
"691","99.53","anovadot","0.0437531450297683","0.775772524066269"
"692","99.53","anovadot","0.0437531450297683","0.775772524066269"
"693","99.53","anovadot","0.0437531450297683","0.775772524066269"
"694","99.53","anovadot","0.0437531450297683","0.775772524066269"
"695","99.53","anovadot","0.0437531450297683","0.775772524066269"
"696","99.53","anovadot","0.0437531450297683","0.775772524066269"
"697","99.53","anovadot","0.0437531450297683","0.775772524066269"
"698","99.53","anovadot","0.0437531450297683","0.775772524066269"
"699","99.53","anovadot","0.0437531450297683","0.775772524066269"
"700","99.53","anovadot","0.0437531450297683","0.775772524066269"
"701","99.53","anovadot","0.0437531450297683","0.775772524066269"
"702","99.53","anovadot","0.0437531450297683","0.775772524066269"
"703","99.53","anovadot","0.0437531450297683","0.775772524066269"
"704","99.53","anovadot","0.0437531450297683","0.775772524066269"
"705","99.53","anovadot","0.0437531450297683","0.775772524066269"
"706","99.53","anovadot","0.0437531450297683","0.775772524066269"
"707","99.53","anovadot","0.0437531450297683","0.775772524066269"
"708","99.53","anovadot","0.0437531450297683","0.775772524066269"
"709","99.53","anovadot","0.0437531450297683","0.775772524066269"
"710","99.53","anovadot","0.0437531450297683","0.775772524066269"
"711","99.53","anovadot","0.0437531450297683","0.775772524066269"
"712","99.53","anovadot","0.0437531450297683","0.775772524066269"
"713","99.53","anovadot","0.0437531450297683","0.775772524066269"
"714","99.53","anovadot","0.0437531450297683","0.775772524066269"
"715","99.53","anovadot","0.0437531450297683","0.775772524066269"
"716","99.53","anovadot","0.0437531450297683","0.775772524066269"
"717","99.53","anovadot","0.0437531450297683","0.775772524066269"
"718","99.53","anovadot","0.0437531450297683","0.775772524066269"
"719","99.53","anovadot","0.0437531450297683","0.775772524066269"
"720","99.53","anovadot","0.0437531450297683","0.775772524066269"
"721","99.53","anovadot","0.0437531450297683","0.775772524066269"
"722","99.53","anovadot","0.0437531450297683","0.775772524066269"
"723","99.53","anovadot","0.0437531450297683","0.775772524066269"
"724","99.53","anovadot","0.0437531450297683","0.775772524066269"
"725","99.53","anovadot","0.0437531450297683","0.775772524066269"
"726","99.53","anovadot","0.0437531450297683","0.775772524066269"
"727","99.53","anovadot","0.0437531450297683","0.775772524066269"
"728","99.53","anovadot","0.0437531450297683","0.775772524066269"
"729","99.53","anovadot","0.0437531450297683","0.775772524066269"
"730","99.53","anovadot","0.0437531450297683","0.775772524066269"
"731","99.53","anovadot","0.0437531450297683","0.775772524066269"
"732","99.53","anovadot","0.0437531450297683","0.775772524066269"
"733","99.53","anovadot","0.0437531450297683","0.775772524066269"
"734","99.53","anovadot","0.0437531450297683","0.775772524066269"
"735","99.53","anovadot","0.0437531450297683","0.775772524066269"
"736","99.53","anovadot","0.0437531450297683","0.775772524066269"
"737","99.53","anovadot","0.0437531450297683","0.775772524066269"
"738","99.53","anovadot","0.0437531450297683","0.775772524066269"
"739","99.53","anovadot","0.0437531450297683","0.775772524066269"
"740","99.53","anovadot","0.0437531450297683","0.775772524066269"
"741","99.53","anovadot","0.0437531450297683","0.775772524066269"
"742","99.53","anovadot","0.0437531450297683","0.775772524066269"
"743","99.53","anovadot","0.0437531450297683","0.775772524066269"
"744","99.53","anovadot","0.0437531450297683","0.775772524066269"
"745","99.53","anovadot","0.0437531450297683","0.775772524066269"
"746","99.53","anovadot","0.0437531450297683","0.775772524066269"
"747","99.53","anovadot","0.0437531450297683","0.775772524066269"
"748","99.53","anovadot","0.0437531450297683","0.775772524066269"
"749","99.53","anovadot","0.0437531450297683","0.775772524066269"
"750","99.53","anovadot","0.0437531450297683","0.775772524066269"
"751","99.53","anovadot","0.0437531450297683","0.775772524066269"
"752","99.53","anovadot","0.0437531450297683","0.775772524066269"
"753","99.53","anovadot","0.0437531450297683","0.775772524066269"
"754","99.53","anovadot","0.0437531450297683","0.775772524066269"
"755","99.53","anovadot","0.0437531450297683","0.775772524066269"
"756","99.53","anovadot","0.0437531450297683","0.775772524066269"
"757","99.53","anovadot","0.0437531450297683","0.775772524066269"
"758","99.53","anovadot","0.0437531450297683","0.775772524066269"
"759","99.53","anovadot","0.0437531450297683","0.775772524066269"
"760","99.53","anovadot","0.0437531450297683","0.775772524066269"
"761","99.53","anovadot","0.0437531450297683","0.775772524066269"
"762","99.53","anovadot","0.0437531450297683","0.775772524066269"
"763","99.53","anovadot","0.0437531450297683","0.775772524066269"
"764","99.53","anovadot","0.0437531450297683","0.775772524066269"
"765","99.53","anovadot","0.0437531450297683","0.775772524066269"
"766","99.53","anovadot","0.0437531450297683","0.775772524066269"
"767","99.53","anovadot","0.0437531450297683","0.775772524066269"
"768","99.53","anovadot","0.0437531450297683","0.775772524066269"
"769","99.53","anovadot","0.0437531450297683","0.775772524066269"
"770","99.53","anovadot","0.0437531450297683","0.775772524066269"
"771","99.53","anovadot","0.0437531450297683","0.775772524066269"
"772","99.53","anovadot","0.0437531450297683","0.775772524066269"
"773","99.53","anovadot","0.0437531450297683","0.775772524066269"
"774","99.53","anovadot","0.0437531450297683","0.775772524066269"
"775","99.53","anovadot","0.0437531450297683","0.775772524066269"
"776","99.53","anovadot","0.0437531450297683","0.775772524066269"
"777","99.53","anovadot","0.0437531450297683","0.775772524066269"
"778","99.53","anovadot","0.0437531450297683","0.775772524066269"
"779","99.53","anovadot","0.0437531450297683","0.775772524066269"
"780","99.53","anovadot","0.0437531450297683","0.775772524066269"
"781","99.53","anovadot","0.0437531450297683","0.775772524066269"
"782","99.53","anovadot","0.0437531450297683","0.775772524066269"
"783","99.53","anovadot","0.0437531450297683","0.775772524066269"
"784","99.53","anovadot","0.0437531450297683","0.775772524066269"
"785","99.53","anovadot","0.0437531450297683","0.775772524066269"
"786","99.53","anovadot","0.0437531450297683","0.775772524066269"
"787","99.53","anovadot","0.0437531450297683","0.775772524066269"
"788","99.53","anovadot","0.0437531450297683","0.775772524066269"
"789","99.53","anovadot","0.0437531450297683","0.775772524066269"
"790","99.53","anovadot","0.0437531450297683","0.775772524066269"
"791","99.53","anovadot","0.0437531450297683","0.775772524066269"
"792","99.53","anovadot","0.0437531450297683","0.775772524066269"
"793","99.53","anovadot","0.0437531450297683","0.775772524066269"
"794","99.53","anovadot","0.0437531450297683","0.775772524066269"
"795","99.53","anovadot","0.0437531450297683","0.775772524066269"
"796","99.53","anovadot","0.0437531450297683","0.775772524066269"
"797","99.53","anovadot","0.0437531450297683","0.775772524066269"
"798","99.53","anovadot","0.0437531450297683","0.775772524066269"
"799","99.53","anovadot","0.0437531450297683","0.775772524066269"
"800","99.53","anovadot","0.0437531450297683","0.775772524066269"
"801","99.53","anovadot","0.0437531450297683","0.775772524066269"
"802","99.53","anovadot","0.0437531450297683","0.775772524066269"
"803","99.53","anovadot","0.0437531450297683","0.775772524066269"
"804","99.53","anovadot","0.0437531450297683","0.775772524066269"
"805","99.53","anovadot","0.0437531450297683","0.775772524066269"
"806","99.53","anovadot","0.0437531450297683","0.775772524066269"
"807","99.53","anovadot","0.0437531450297683","0.775772524066269"
"808","99.53","anovadot","0.0437531450297683","0.775772524066269"
"809","99.53","anovadot","0.0437531450297683","0.775772524066269"
"810","99.53","anovadot","0.0437531450297683","0.775772524066269"
"811","99.53","anovadot","0.0437531450297683","0.775772524066269"
"812","99.53","anovadot","0.0437531450297683","0.775772524066269"
"813","99.53","anovadot","0.0437531450297683","0.775772524066269"
"814","99.53","anovadot","0.0437531450297683","0.775772524066269"
"815","99.53","anovadot","0.0437531450297683","0.775772524066269"
"816","99.53","anovadot","0.0437531450297683","0.775772524066269"
"817","99.53","anovadot","0.0437531450297683","0.775772524066269"
"818","99.53","anovadot","0.0437531450297683","0.775772524066269"
"819","99.53","anovadot","0.0437531450297683","0.775772524066269"
"820","99.53","anovadot","0.0437531450297683","0.775772524066269"
"821","99.53","anovadot","0.0437531450297683","0.775772524066269"
"822","99.53","anovadot","0.0437531450297683","0.775772524066269"
"823","99.53","anovadot","0.0437531450297683","0.775772524066269"
"824","99.53","anovadot","0.0437531450297683","0.775772524066269"
"825","99.53","anovadot","0.0437531450297683","0.775772524066269"
"826","99.53","anovadot","0.0437531450297683","0.775772524066269"
"827","99.53","anovadot","0.0437531450297683","0.775772524066269"
"828","99.53","anovadot","0.0437531450297683","0.775772524066269"
"829","99.53","anovadot","0.0437531450297683","0.775772524066269"
"830","99.53","anovadot","0.0437531450297683","0.775772524066269"
"831","99.53","anovadot","0.0437531450297683","0.775772524066269"
"832","99.53","anovadot","0.0437531450297683","0.775772524066269"
"833","99.53","anovadot","0.0437531450297683","0.775772524066269"
"834","99.53","anovadot","0.0437531450297683","0.775772524066269"
"835","99.53","anovadot","0.0437531450297683","0.775772524066269"
"836","99.53","anovadot","0.0437531450297683","0.775772524066269"
"837","99.53","anovadot","0.0437531450297683","0.775772524066269"
"838","99.53","anovadot","0.0437531450297683","0.775772524066269"
"839","99.53","anovadot","0.0437531450297683","0.775772524066269"
"840","99.53","anovadot","0.0437531450297683","0.775772524066269"
"841","99.53","anovadot","0.0437531450297683","0.775772524066269"
"842","99.53","anovadot","0.0437531450297683","0.775772524066269"
"843","99.53","anovadot","0.0437531450297683","0.775772524066269"
"844","99.53","anovadot","0.0437531450297683","0.775772524066269"
"845","99.53","anovadot","0.0437531450297683","0.775772524066269"
"846","99.53","anovadot","0.0437531450297683","0.775772524066269"
"847","99.53","anovadot","0.0437531450297683","0.775772524066269"
"848","99.53","anovadot","0.0437531450297683","0.775772524066269"
"849","99.53","anovadot","0.0437531450297683","0.775772524066269"
"850","99.53","anovadot","0.0437531450297683","0.775772524066269"
"851","99.53","anovadot","0.0437531450297683","0.775772524066269"
"852","99.53","anovadot","0.0437531450297683","0.775772524066269"
"853","99.53","anovadot","0.0437531450297683","0.775772524066269"
"854","99.53","anovadot","0.0437531450297683","0.775772524066269"
"855","99.53","anovadot","0.0437531450297683","0.775772524066269"
"856","99.53","anovadot","0.0437531450297683","0.775772524066269"
"857","99.53","anovadot","0.0437531450297683","0.775772524066269"
"858","99.53","anovadot","0.0437531450297683","0.775772524066269"
"859","99.53","anovadot","0.0437531450297683","0.775772524066269"
"860","99.53","anovadot","0.0437531450297683","0.775772524066269"
"861","99.53","anovadot","0.0437531450297683","0.775772524066269"
"862","99.53","anovadot","0.0437531450297683","0.775772524066269"
"863","99.53","anovadot","0.0437531450297683","0.775772524066269"
"864","99.53","anovadot","0.0437531450297683","0.775772524066269"
"865","99.53","anovadot","0.0437531450297683","0.775772524066269"
"866","99.53","anovadot","0.0437531450297683","0.775772524066269"
"867","99.53","anovadot","0.0437531450297683","0.775772524066269"
"868","99.53","anovadot","0.0437531450297683","0.775772524066269"
"869","99.53","anovadot","0.0437531450297683","0.775772524066269"
"870","99.53","anovadot","0.0437531450297683","0.775772524066269"
"871","99.53","anovadot","0.0437531450297683","0.775772524066269"
"872","99.53","anovadot","0.0437531450297683","0.775772524066269"
"873","99.53","anovadot","0.0437531450297683","0.775772524066269"
"874","99.53","anovadot","0.0437531450297683","0.775772524066269"
"875","99.53","anovadot","0.0437531450297683","0.775772524066269"
"876","99.53","anovadot","0.0437531450297683","0.775772524066269"
"877","99.53","anovadot","0.0437531450297683","0.775772524066269"
"878","99.53","anovadot","0.0437531450297683","0.775772524066269"
"879","99.53","anovadot","0.0437531450297683","0.775772524066269"
"880","99.53","anovadot","0.0437531450297683","0.775772524066269"
"881","99.53","anovadot","0.0437531450297683","0.775772524066269"
"882","99.53","anovadot","0.0437531450297683","0.775772524066269"
"883","99.53","anovadot","0.0437531450297683","0.775772524066269"
"884","99.53","anovadot","0.0437531450297683","0.775772524066269"
"885","99.53","anovadot","0.0437531450297683","0.775772524066269"
"886","99.53","anovadot","0.0437531450297683","0.775772524066269"
"887","99.53","anovadot","0.0437531450297683","0.775772524066269"
"888","99.53","anovadot","0.0437531450297683","0.775772524066269"
"889","99.53","anovadot","0.0437531450297683","0.775772524066269"
"890","99.53","anovadot","0.0437531450297683","0.775772524066269"
"891","99.53","anovadot","0.0437531450297683","0.775772524066269"
"892","99.53","anovadot","0.0437531450297683","0.775772524066269"
"893","99.53","anovadot","0.0437531450297683","0.775772524066269"
"894","99.53","anovadot","0.0437531450297683","0.775772524066269"
"895","99.53","anovadot","0.0437531450297683","0.775772524066269"
"896","99.53","anovadot","0.0437531450297683","0.775772524066269"
"897","99.53","anovadot","0.0437531450297683","0.775772524066269"
"898","99.53","anovadot","0.0437531450297683","0.775772524066269"
"899","99.53","anovadot","0.0437531450297683","0.775772524066269"
"900","99.53","anovadot","0.0437531450297683","0.775772524066269"
"901","99.53","anovadot","0.0437531450297683","0.775772524066269"
"902","99.53","anovadot","0.0437531450297683","0.775772524066269"
"903","99.53","anovadot","0.0437531450297683","0.775772524066269"
"904","99.53","anovadot","0.0437531450297683","0.775772524066269"
"905","99.53","anovadot","0.0437531450297683","0.775772524066269"
"906","99.53","anovadot","0.0437531450297683","0.775772524066269"
"907","99.53","anovadot","0.0437531450297683","0.775772524066269"
"908","99.53","anovadot","0.0437531450297683","0.775772524066269"
"909","99.53","anovadot","0.0437531450297683","0.775772524066269"
"910","99.53","anovadot","0.0437531450297683","0.775772524066269"
"911","99.53","anovadot","0.0437531450297683","0.775772524066269"
"912","99.53","anovadot","0.0437531450297683","0.775772524066269"
"913","99.53","anovadot","0.0437531450297683","0.775772524066269"
"914","99.53","anovadot","0.0437531450297683","0.775772524066269"
"915","99.53","anovadot","0.0437531450297683","0.775772524066269"
"916","99.53","anovadot","0.0437531450297683","0.775772524066269"
"917","99.53","anovadot","0.0437531450297683","0.775772524066269"
"918","99.53","anovadot","0.0437531450297683","0.775772524066269"
"919","99.53","anovadot","0.0437531450297683","0.775772524066269"
"920","99.53","anovadot","0.0437531450297683","0.775772524066269"
"921","99.53","anovadot","0.0437531450297683","0.775772524066269"
"922","99.53","anovadot","0.0437531450297683","0.775772524066269"
"923","99.53","anovadot","0.0437531450297683","0.775772524066269"
"924","99.53","anovadot","0.0437531450297683","0.775772524066269"
"925","99.53","anovadot","0.0437531450297683","0.775772524066269"
"926","99.53","anovadot","0.0437531450297683","0.775772524066269"
"927","99.53","anovadot","0.0437531450297683","0.775772524066269"
"928","99.53","anovadot","0.0437531450297683","0.775772524066269"
"929","99.53","anovadot","0.0437531450297683","0.775772524066269"
"930","99.53","anovadot","0.0437531450297683","0.775772524066269"
"931","99.53","anovadot","0.0437531450297683","0.775772524066269"
"932","99.53","anovadot","0.0437531450297683","0.775772524066269"
"933","99.53","anovadot","0.0437531450297683","0.775772524066269"
"934","99.53","anovadot","0.0437531450297683","0.775772524066269"
"935","99.53","anovadot","0.0437531450297683","0.775772524066269"
"936","99.53","anovadot","0.0437531450297683","0.775772524066269"
"937","99.53","anovadot","0.0437531450297683","0.775772524066269"
"938","99.53","anovadot","0.0437531450297683","0.775772524066269"
"939","99.53","anovadot","0.0437531450297683","0.775772524066269"
"940","99.53","anovadot","0.0437531450297683","0.775772524066269"
"941","99.53","anovadot","0.0437531450297683","0.775772524066269"
"942","99.53","anovadot","0.0437531450297683","0.775772524066269"
"943","99.53","anovadot","0.0437531450297683","0.775772524066269"
"944","99.53","anovadot","0.0437531450297683","0.775772524066269"
"945","99.53","anovadot","0.0437531450297683","0.775772524066269"
"946","99.53","anovadot","0.0437531450297683","0.775772524066269"
"947","99.53","anovadot","0.0437531450297683","0.775772524066269"
"948","99.53","anovadot","0.0437531450297683","0.775772524066269"
"949","99.53","anovadot","0.0437531450297683","0.775772524066269"
"950","99.53","anovadot","0.0437531450297683","0.775772524066269"
"951","99.53","anovadot","0.0437531450297683","0.775772524066269"
"952","99.53","anovadot","0.0437531450297683","0.775772524066269"
"953","99.53","anovadot","0.0437531450297683","0.775772524066269"
"954","99.53","anovadot","0.0437531450297683","0.775772524066269"
"955","99.53","anovadot","0.0437531450297683","0.775772524066269"
"956","99.53","anovadot","0.0437531450297683","0.775772524066269"
"957","99.53","anovadot","0.0437531450297683","0.775772524066269"
"958","99.53","anovadot","0.0437531450297683","0.775772524066269"
"959","99.53","anovadot","0.0437531450297683","0.775772524066269"
"960","99.53","anovadot","0.0437531450297683","0.775772524066269"
"961","99.53","anovadot","0.0437531450297683","0.775772524066269"
"962","99.53","anovadot","0.0437531450297683","0.775772524066269"
"963","99.53","anovadot","0.0437531450297683","0.775772524066269"
"964","99.53","anovadot","0.0437531450297683","0.775772524066269"
"965","99.53","anovadot","0.0437531450297683","0.775772524066269"
"966","99.53","anovadot","0.0437531450297683","0.775772524066269"
"967","99.53","anovadot","0.0437531450297683","0.775772524066269"
"968","99.53","anovadot","0.0437531450297683","0.775772524066269"
"969","99.53","anovadot","0.0437531450297683","0.775772524066269"
"970","99.53","anovadot","0.0437531450297683","0.775772524066269"
"971","99.53","anovadot","0.0437531450297683","0.775772524066269"
"972","99.53","anovadot","0.0437531450297683","0.775772524066269"
"973","99.53","anovadot","0.0437531450297683","0.775772524066269"
"974","99.53","anovadot","0.0437531450297683","0.775772524066269"
"975","99.53","anovadot","0.0437531450297683","0.775772524066269"
"976","99.53","anovadot","0.0437531450297683","0.775772524066269"
"977","99.53","anovadot","0.0437531450297683","0.775772524066269"
"978","99.53","anovadot","0.0437531450297683","0.775772524066269"
"979","99.53","anovadot","0.0437531450297683","0.775772524066269"
"980","99.53","anovadot","0.0437531450297683","0.775772524066269"
"981","99.53","anovadot","0.0437531450297683","0.775772524066269"
"982","99.53","anovadot","0.0437531450297683","0.775772524066269"
"983","99.53","anovadot","0.0437531450297683","0.775772524066269"
"984","99.53","anovadot","0.0437531450297683","0.775772524066269"
"985","99.53","anovadot","0.0437531450297683","0.775772524066269"
"986","99.53","anovadot","0.0437531450297683","0.775772524066269"
"987","99.53","anovadot","0.0437531450297683","0.775772524066269"
"988","99.53","anovadot","0.0437531450297683","0.775772524066269"
"989","99.53","anovadot","0.0437531450297683","0.775772524066269"
"990","99.53","anovadot","0.0437531450297683","0.775772524066269"
"991","99.53","anovadot","0.0437531450297683","0.775772524066269"
"992","99.53","anovadot","0.0437531450297683","0.775772524066269"
"993","99.53","anovadot","0.0437531450297683","0.775772524066269"
"994","99.53","anovadot","0.0437531450297683","0.775772524066269"
"995","99.53","anovadot","0.0437531450297683","0.775772524066269"
"996","99.53","anovadot","0.0437531450297683","0.775772524066269"
"997","99.53","anovadot","0.0437531450297683","0.775772524066269"
"998","99.53","anovadot","0.0437531450297683","0.775772524066269"
"999","99.53","anovadot","0.0437531450297683","0.775772524066269"
"1000","99.53","anovadot","0.0437531450297683","0.775772524066269"
